report_month,progress_range,project_count,original_cost_crores,revised_cost_crores,expenditure_crores,source_file,source_type
2025-07,0-10,175.0,381959.22,382705.77,24924.01,Physical-Progress-Report.csv,aggregate_csv
2025-07,10-20,70.0,282289.67,289794.82,30664.03,Physical-Progress-Report.csv,aggregate_csv
2025-07,20-30,53.0,87019.51,88945.7,17321.93,Physical-Progress-Report.csv,aggregate_csv
2025-07,30-40,30.0,52434.72,58762.54,20102.86,Physical-Progress-Report.csv,aggregate_csv
2025-07,40-50,49.0,138759.24,142691.53,65920.93,Physical-Progress-Report.csv,aggregate_csv
2025-07,50-60,55.0,183092.64,194433.24,123383.24,Physical-Progress-Report.csv,aggregate_csv
2025-07,60-70,57.0,184615.61,213927.08,132813.06,Physical-Progress-Report.csv,aggregate_csv
2025-07,70-80,69.0,167294.54,213364.32,139844.51,Physical-Progress-Report.csv,aggregate_csv
2025-07,80-90,103.0,406766.54,664991.64,383548.92,Physical-Progress-Report.csv,aggregate_csv
2025-07,90-100,131.0,481632.67,643643.88,573179.62,Physical-Progress-Report.csv,aggregate_csv
2025-07,100,8.0,9468.01,14287.17,25906.3,Physical-Progress-Report.csv,aggregate_csv
2025-08,100,8.0,9468.01,14287.17,25906.3,Physical-Progress-Report.csv,aggregate_csv
2025-08,90-100,131.0,481632.67,643643.88,573179.62,Physical-Progress-Report.csv,aggregate_csv
2025-08,80-90,103.0,406766.54,664991.64,383548.92,Physical-Progress-Report.csv,aggregate_csv
2025-08,70-80,69.0,167294.54,213364.32,139844.51,Physical-Progress-Report.csv,aggregate_csv
2025-08,60-70,57.0,184615.61,213927.08,132813.06,Physical-Progress-Report.csv,aggregate_csv
2025-08,20-30,53.0,87019.51,88945.7,17321.93,Physical-Progress-Report.csv,aggregate_csv
2025-08,40-50,49.0,138759.24,142691.53,65920.93,Physical-Progress-Report.csv,aggregate_csv
2025-08,30-40,30.0,52434.72,58762.54,20102.86,Physical-Progress-Report.csv,aggregate_csv
2025-08,10-20,70.0,282289.67,289794.82,30664.03,Physical-Progress-Report.csv,aggregate_csv
2025-08,0-10,175.0,381959.22,382705.77,24924.01,Physical-Progress-Report.csv,aggregate_csv
2025-08,50-60,55.0,183092.64,194433.24,123383.24,Physical-Progress-Report.csv,aggregate_csv
2025-09,70-80,69.0,190427.08,238373.32,160772.73,Physical-Progress-Report.csv,aggregate_csv
2025-09,100,10.0,21027.84,25929.43,36345.07,Physical-Progress-Report.csv,aggregate_csv
2025-09,90-100,136.0,479372.1,637384.36,580459.42,Physical-Progress-Report.csv,aggregate_csv
2025-09,80-90,106.0,407650.15,666207.98,390512.51,Physical-Progress-Report.csv,aggregate_csv
2025-09,60-70,58.0,157839.08,180926.55,114463.61,Physical-Progress-Report.csv,aggregate_csv
2025-09,20-30,53.0,93571.95,93571.94,18794.03,Physical-Progress-Report.csv,aggregate_csv
2025-09,40-50,49.0,137595.4,143338.39,66860.49,Physical-Progress-Report.csv,aggregate_csv
2025-09,30-40,32.0,56064.67,64346.69,21634.93,Physical-Progress-Report.csv,aggregate_csv
2025-09,10-20,71.0,452825.8,460240.14,34247.64,Physical-Progress-Report.csv,aggregate_csv
2025-09,0-10,154.0,347612.72,347775.59,31666.72,Physical-Progress-Report.csv,aggregate_csv
2025-09,50-60,56.0,189135.19,205229.44,129954.69,Physical-Progress-Report.csv,aggregate_csv
2025-10,100,14.0,22350.73,27652.32,38798.76,Physical-Progress-Report.csv,aggregate_csv
2025-10,90-100,140.0,522957.11,683638.98,618990.81,Physical-Progress-Report.csv,aggregate_csv
2025-10,80-90,104.0,361933.85,618531.65,368079.92,Physical-Progress-Report.csv,aggregate_csv
2025-10,70-80,70.0,196605.91,251084.35,171338.69,Physical-Progress-Report.csv,aggregate_csv
2025-10,60-70,60.0,141378.93,157440.31,100069.83,Physical-Progress-Report.csv,aggregate_csv
2025-10,50-60,55.0,188241.04,206477.27,134736.93,Physical-Progress-Report.csv,aggregate_csv
2025-10,30-40,32.0,46543.46,54316.21,16823.82,Physical-Progress-Report.csv,aggregate_csv
2025-10,20-30,59.0,105237.84,105751.61,21016.65,Physical-Progress-Report.csv,aggregate_csv
2025-10,10-20,67.0,446089.06,453107.23,35284.46,Physical-Progress-Report.csv,aggregate_csv
2025-10,0-10,168.0,369058.14,369207.01,33566.81,Physical-Progress-Report.csv,aggregate_csv
2025-10,40-50,51.0,152235.66,156324.9,72481.12,Physical-Progress-Report.csv,aggregate_csv
2025-11,60-70,53.0,128426.99,136262.04,80816.34,Physical-Progress-Report.csv,aggregate_csv
2025-11,90-100,147.0,542376.19,708409.51,622589.18,Physical-Progress-Report.csv,aggregate_csv
2025-11,80-90,102.0,347228.62,596151.62,347373.47,Physical-Progress-Report.csv,aggregate_csv
2025-11,70-80,76.0,222205.01,287790.57,194278.48,Physical-Progress-Report.csv,aggregate_csv
2025-11,50-60,58.0,186198.55,210734.34,137725.63,Physical-Progress-Report.csv,aggregate_csv
2025-11,100,11.0,22971.96,29082.79,25934.98,Physical-Progress-Report.csv,aggregate_csv
2025-11,30-40,36.0,60466.12,67329.87,19289.5,Physical-Progress-Report.csv,aggregate_csv
2025-11,20-30,62.0,108753.34,109066.06,20895.63,Physical-Progress-Report.csv,aggregate_csv
2025-11,10-20,68.0,308121.81,315947.59,34397.19,Physical-Progress-Report.csv,aggregate_csv
2025-11,0-10,162.0,348004.54,348232.75,27511.01,Physical-Progress-Report.csv,aggregate_csv
2025-11,40-50,48.0,143445.17,145779.49,64130.51,Physical-Progress-Report.csv,aggregate_csv
2025-12,90-100,307.0,753227.16,970803.12,834915.39,Physical-Progress-Report.csv,aggregate_csv
2025-12,80-90,164.0,393070.05,618323.57,411329.41,Physical-Progress-Report.csv,aggregate_csv
2025-12,70-80,150.0,300810.3,347545.45,226168.11,Physical-Progress-Report.csv,aggregate_csv
2025-12,60-70,102.0,144566.81,155916.38,75285.96,Physical-Progress-Report.csv,aggregate_csv
2025-12,50-60,96.0,223598.72,248398.38,151362.85,Physical-Progress-Report.csv,aggregate_csv
2025-12,100,27.0,23276.02,27841.29,17232.76,Physical-Progress-Report.csv,aggregate_csv
2025-12,30-40,65.0,89753.18,96528.03,26898.27,Physical-Progress-Report.csv,aggregate_csv
2025-12,20-30,76.0,175314.2,175122.97,32188.05,Physical-Progress-Report.csv,aggregate_csv
2025-12,10-20,71.0,270834.63,273160.01,31108.89,Physical-Progress-Report.csv,aggregate_csv
2025-12,0-10,257.0,429025.52,429796.89,28424.05,Physical-Progress-Report.csv,aggregate_csv
2025-12,40-50,77.0,164770.96,167483.61,66248.86,Physical-Progress-Report.csv,aggregate_csv
2026-01,100,66.0,59496.89,66113.95,37258.55,Physical-Progress-Report.csv,aggregate_csv
2026-01,90-100,409.0,845915.19,1079173.18,870091.1,Physical-Progress-Report.csv,aggregate_csv
2026-01,80-90,191.0,402051.78,627092.8,408774.71,Physical-Progress-Report.csv,aggregate_csv
2026-01,70-80,164.0,313183.91,359426.95,232230.68,Physical-Progress-Report.csv,aggregate_csv
2026-01,60-70,114.0,165763.28,179261.38,93841.97,Physical-Progress-Report.csv,aggregate_csv
2026-01,50-60,104.0,219253.45,240688.29,146117.2,Physical-Progress-Report.csv,aggregate_csv
2026-01,30-40,78.0,118460.45,124481.87,32587.65,Physical-Progress-Report.csv,aggregate_csv
2026-01,20-30,88.0,179514.27,179098.92,34249.87,Physical-Progress-Report.csv,aggregate_csv
2026-01,10-20,98.0,289776.82,292524.04,30167.53,Physical-Progress-Report.csv,aggregate_csv
2026-01,0-10,300.0,562841.91,559414.42,25046.26,Physical-Progress-Report.csv,aggregate_csv
2026-01,40-50,90.0,215558.37,217258.55,91527.39,Physical-Progress-Report.csv,aggregate_csv
2026-02,70-80,177.0,314019.74,354923.0,227374.08,Physical-Progress-Report.csv,aggregate_csv
2026-02,90-100,470.0,936466.27,1189954.21,885830.02,Physical-Progress-Report.csv,aggregate_csv
2026-02,80-90,209.0,414309.31,641760.03,323079.99,Physical-Progress-Report.csv,aggregate_csv
2026-02,100,91.0,85175.4,96426.84,51123.52,Physical-Progress-Report.csv,aggregate_csv
2026-02,60-70,120.0,155867.48,169287.35,88878.76,Physical-Progress-Report.csv,aggregate_csv
2026-02,20-30,125.0,239194.17,235596.18,37169.38,Physical-Progress-Report.csv,aggregate_csv
2026-02,40-50,114.0,237011.7,237473.8,97176.55,Physical-Progress-Report.csv,aggregate_csv
2026-02,30-40,98.0,144451.41,149584.0,42500.66,Physical-Progress-Report.csv,aggregate_csv
2026-02,10-20,127.0,292504.17,294890.11,33122.82,Physical-Progress-Report.csv,aggregate_csv
2026-02,0-10,291.0,566383.95,564502.81,31616.87,Physical-Progress-Report.csv,aggregate_csv
2026-02,50-60,126.0,246704.72,264285.95,153583.17,Physical-Progress-Report.csv,aggregate_csv
2026-03,100,96.0,80024.05,86690.88,45946.17,Physical-Progress-Report.csv,aggregate_csv
2026-03,90-100,493.0,936830.54,1191881.34,896913.7,Physical-Progress-Report.csv,aggregate_csv
2026-03,70-80,162.0,291014.15,327206.06,211064.46,Physical-Progress-Report.csv,aggregate_csv
2026-03,60-70,131.0,172395.76,184951.08,95218.23,Physical-Progress-Report.csv,aggregate_csv
2026-03,50-60,124.0,309284.34,323798.66,192838.85,Physical-Progress-Report.csv,aggregate_csv
2026-03,80-90,222.0,419257.32,650393.85,333254.12,Physical-Progress-Report.csv,aggregate_csv
2026-03,30-40,111.0,165888.54,171676.34,48815.73,Physical-Progress-Report.csv,aggregate_csv
2026-03,20-30,116.0,233499.83,230340.27,38049.1,Physical-Progress-Report.csv,aggregate_csv
2026-03,10-20,127.0,283340.18,287100.93,32701.1,Physical-Progress-Report.csv,aggregate_csv
2026-03,0-10,246.0,527250.99,525157.16,33477.02,Physical-Progress-Report.csv,aggregate_csv
2026-03,40-50,113.0,170075.47,170962.47,64685.15,Physical-Progress-Report.csv,aggregate_csv
2026-04,90-100,503.0,947105.92,1204206.73,914361.38,Physical-Progress-Report.csv,aggregate_csv
2026-04,0-10,263.0,583075.57,582366.56,34794.39,Physical-Progress-Report.csv,aggregate_csv
2026-04,10-20,127.0,317668.64,321832.78,36715.3,Physical-Progress-Report.csv,aggregate_csv
2026-04,20-30,116.0,230319.33,227753.15,37618.03,Physical-Progress-Report.csv,aggregate_csv
2026-04,30-40,114.0,176933.31,178976.31,50606.99,Physical-Progress-Report.csv,aggregate_csv
2026-04,40-50,112.0,159105.36,160386.92,61437.08,Physical-Progress-Report.csv,aggregate_csv
2026-04,50-60,127.0,321989.11,339429.58,201781.35,Physical-Progress-Report.csv,aggregate_csv
2026-04,60-70,130.0,171749.23,182225.75,93034.63,Physical-Progress-Report.csv,aggregate_csv
2026-04,70-80,164.0,275707.43,311631.27,201919.38,Physical-Progress-Report.csv,aggregate_csv
2026-04,80-90,228.0,449416.6,683948.11,361703.17,Physical-Progress-Report.csv,aggregate_csv
2026-04,100,97.0,79591.51,85645.23,42135.79,Physical-Progress-Report.csv,aggregate_csv
